n,symbol,outcome,net_pnl,minutes,gross_pnl,fees,slippage_bps
1,SOLUSDT,WIN,0.0098,29.7,0.0160,0.0062,-3.7
2,LINKUSDT,WIN,0.0157,29.0,0.0260,0.0103,33.9
3,SUIUSDT,WIN,0.0574,28.2,0.0574,0.0000,0.2
4,DOGEUSDT,WIN,0.0561,61.7,0.0561,0.0000,2.3
5,NEARUSDT,WIN,0.1451,7.1,0.1451,0.0000,2.8
6,HYPEUSDT,LOSS,-0.1418,90.0,-0.1418,0.0000,-0.8
7,NEARUSDT,LOSS,-0.2653,27.9,-0.2653,0.0000,12.5
8,LTCUSDT,LOSS,-0.1419,126.5,-0.1419,0.0000,10.5
9,DOGEUSDT,WIN,0.0598,44.0,0.0598,0.0000,1.9
10,DOGEUSDT,WIN,0.0592,11.9,0.0592,0.0000,2.2
11,SUIUSDT,LOSS,-0.1874,49.0,-0.1780,0.0094,-13.3
12,XRPUSDT,WIN,0.0177,19.5,0.0177,0.0000,0.5
13,XRPUSDT,LOSS,-0.1592,20.3,-0.1592,0.0000,2.9
14,NEARUSDT,LOSS,-0.3364,38.0,-0.3364,0.0000,-5.0
15,DOGEUSDT,WIN,0.0626,2.7,0.0626,0.0000,-0.1
16,SOLUSDT,WIN,0.0327,158.6,0.0327,0.0000,0.8
17,LINKUSDT,WIN,0.0092,194.9,0.0195,0.0103,-54.4
18,DOGEUSDT,WIN,0.0070,32.6,0.0070,0.0000,0.2
19,HYPEUSDT,WIN,0.0603,40.4,0.0603,0.0000,0.6
20,DOGEUSDT,WIN,0.1208,37.9,0.1208,0.0000,1.7
21,XRPUSDT,LOSS,-0.0131,66.3,-0.0131,0.0000,18.8
22,HYPEUSDT,LOSS,-0.1024,51.5,-0.1024,0.0000,0.7
23,NEARUSDT,WIN,0.0016,31.9,0.0016,0.0000,1.6
24,LTCUSDT,WIN,0.0469,23.7,0.0469,0.0000,2.5
25,ADAUSDT,WIN,0.0151,282.0,0.0258,0.0107,82.9
26,LINKUSDT,WIN,0.0062,31.0,0.0062,0.0000,-0.5
27,SOLUSDT,WIN,0.0048,29.3,0.0048,0.0000,0.9
